-- --------------------------------------------------------
-- Hôte :                        127.0.0.1
-- Version du serveur:           10.1.38-MariaDB-0ubuntu0.18.10.2 - Ubuntu 18.10
-- SE du serveur:                debian-linux-gnu
-- HeidiSQL Version:             10.1.0.5464
-- --------------------------------------------------------

/*!40101 SET @OLD_CHARACTER_SET_CLIENT=@@CHARACTER_SET_CLIENT */;
/*!40101 SET NAMES utf8 */;
/*!50503 SET NAMES utf8mb4 */;
/*!40014 SET @OLD_FOREIGN_KEY_CHECKS=@@FOREIGN_KEY_CHECKS, FOREIGN_KEY_CHECKS=0 */;
/*!40101 SET @OLD_SQL_MODE=@@SQL_MODE, SQL_MODE='NO_AUTO_VALUE_ON_ZERO' */;


-- Listage de la structure de la base pour blog
DROP DATABASE IF EXISTS `blog`;
CREATE DATABASE IF NOT EXISTS `blog` /*!40100 DEFAULT CHARACTER SET utf8mb4 */;
USE `blog`;

-- Listage de la structure de la table blog. article
DROP TABLE IF EXISTS `article`;
CREATE TABLE IF NOT EXISTS `article` (
  `id` int(11) NOT NULL AUTO_INCREMENT,
  `title` varchar(255) COLLATE utf8mb4_unicode_ci NOT NULL,
  `content` longtext COLLATE utf8mb4_unicode_ci NOT NULL,
  `image` varchar(255) COLLATE utf8mb4_unicode_ci NOT NULL,
  `created_at` datetime NOT NULL,
  `category_id` int(11) NOT NULL,
  PRIMARY KEY (`id`),
  KEY `IDX_23A0E6612469DE2` (`category_id`),
  CONSTRAINT `FK_23A0E6612469DE2` FOREIGN KEY (`category_id`) REFERENCES `category` (`id`)
) ENGINE=InnoDB AUTO_INCREMENT=16 DEFAULT CHARSET=utf8mb4 COLLATE=utf8mb4_unicode_ci;

-- Listage des données de la table blog.article : ~15 rows (environ)
DELETE FROM `article`;
/*!40000 ALTER TABLE `article` DISABLE KEYS */;
INSERT INTO `article` (`id`, `title`, `content`, `image`, `created_at`, `category_id`) VALUES
	(1, 'Quia qui optio natus maiores cum quis vitae.', '<p>Deserunt ea maxime placeat animi voluptas. Voluptatem corporis aut sapiente facilis. Molestias quasi non ut dolore ut fugiat deleniti porro.</p><p>Deleniti voluptatem soluta dignissimos provident hic accusantium earum. Totam quisquam minus minima sequi. Sint sequi fugit itaque possimus. In quis nemo culpa aut porro minus tempore.</p><p>Aperiam eveniet odit rem delectus accusantium nam qui. Et consequatur facilis rem et reprehenderit recusandae dolores. Facilis harum dicta rerum non iure.</p><p>Non dolorum qui omnis error tempore odio corporis. Temporibus reprehenderit sed iste voluptatem architecto sunt quis. Et amet quidem quam et.</p><p>Recusandae sit eos eius quod voluptatum non cumque. Eligendi repellat at temporibus nam maxime voluptas. Vero aut molestiae et quasi ea aut. Fuga fugiat ea eveniet in. Porro et pariatur dignissimos laudantium eum eos officia.</p>', 'https://lorempixel.com/640/480/?50624', '2020-02-04 06:17:01', 1),
	(2, 'Totam aut qui cum ducimus aut.', '<p>Sequi corrupti aliquid numquam et aut laboriosam corrupti. Aut quibusdam repudiandae et vel maxime voluptas quos voluptas. Harum aspernatur ex consequuntur rerum.</p><p>Unde praesentium autem sit iste laudantium. Voluptate enim voluptas et ex veritatis et. Cum ullam non qui dolor placeat praesentium occaecati quas.</p><p>Quam molestiae enim atque assumenda ut. Architecto nam quis repellat in corrupti. Ipsa quisquam ipsum voluptatibus qui.</p><p>Qui itaque fugit laudantium. In officia dolores tenetur facere non qui expedita. Nisi illo odio suscipit est in. Dolores dolores voluptas dolorum vitae.</p><p>Vel aliquid veniam sint quaerat dicta cupiditate pariatur et. Nemo perspiciatis illo rerum autem ipsa placeat dolores est. In qui accusamus quia neque asperiores voluptas consequuntur.</p>', 'https://lorempixel.com/640/480/?48898', '2020-02-19 09:00:49', 1),
	(3, 'Nulla amet laudantium porro dolor voluptas nisi.', '<p>Aut quis quae qui nobis pariatur voluptatem. Reiciendis dolor et dignissimos et dolore soluta est. Nihil voluptas minus incidunt alias quidem velit. Illo esse dolorem et saepe aut voluptatem.</p><p>Aut qui modi quod qui aut nisi. Voluptatum consectetur officiis est voluptatibus eos qui consectetur. Sequi est non et est nihil velit. Et fugit et dolores voluptatum et.</p><p>Saepe blanditiis quis quidem officia error. Numquam sed dolores recusandae provident omnis in est. Esse sed soluta reiciendis similique numquam. Eaque labore tempora voluptas incidunt id ducimus et.</p><p>Dolore et accusantium culpa ratione sit. Hic voluptas sapiente minima tempora. Velit cum ut nostrum magnam quibusdam quia. Qui quas sapiente id nihil ducimus ut.</p><p>Quasi ipsa inventore perferendis sit nemo voluptatem. Sed laborum aut reiciendis animi. Minus distinctio eaque libero suscipit totam consequatur ut. Voluptas optio temporibus corporis rerum cupiditate.</p>', 'https://lorempixel.com/640/480/?24868', '2019-12-12 22:23:24', 1),
	(4, 'Consequuntur nobis sit optio sunt quo.', '<p>Debitis quia quis cupiditate possimus. Ut qui commodi rerum aut dolor animi maxime. Ut voluptas ut dolorem et repellat accusamus ea. Aut sunt enim reprehenderit sint cupiditate ea.</p><p>Dolor fugiat molestias qui libero explicabo. Ipsum esse sapiente quisquam. Quidem nemo sed dicta nisi.</p><p>Similique eaque non rerum facere aspernatur est modi dolor. Tempore quae quo est. Magni voluptatem eligendi dolore sint ut.</p><p>Officiis sint ex consequuntur vel ut laudantium commodi itaque. Cum omnis ut quis et et mollitia. Nihil velit sint natus error ipsam tenetur. Minus sit et accusamus sunt voluptatem quidem soluta.</p><p>Totam non rerum eaque. Quae dolorem perferendis illo qui. Numquam facere voluptatem esse ipsam. Consequatur sed voluptatibus nostrum aut.</p>', 'https://lorempixel.com/640/480/?46704', '2020-02-29 21:06:17', 1),
	(5, 'Sed eius quam exercitationem laborum quidem sapiente.', '<p>Eum quam fugit repellat et nisi nesciunt. Dolorum voluptatem dolore explicabo quam consequatur. Id earum nulla eum magni qui corporis accusantium dolorem.</p><p>Perferendis voluptatem ullam quasi perspiciatis non atque. Nisi ex suscipit labore nihil officia voluptas. Id rerum reiciendis labore. Optio minima minus vel rerum non accusantium deserunt.</p><p>Eveniet sed molestias totam quo eos eos. Earum fugit asperiores consectetur delectus maiores. Asperiores quia a rem.</p><p>Quasi minima sapiente sed rerum nihil tempore. Voluptas quisquam enim illum ab consectetur rem. Labore debitis illo repudiandae totam omnis.</p><p>Omnis ab dolore esse repudiandae amet aut. Ducimus dolor aspernatur quibusdam omnis blanditiis dolores. Eligendi suscipit et dolorem laborum.</p>', 'https://lorempixel.com/640/480/?74418', '2020-01-29 23:08:30', 1),
	(6, 'Ut reprehenderit dolorum maiores et a dolorum.', '<p>Repudiandae unde aut officiis illum. Ut culpa quo dolor molestiae aperiam possimus. Nobis quasi cumque a labore suscipit maxime delectus molestiae.</p><p>Qui ea labore earum quae asperiores culpa ut. Eum et cumque laborum corrupti veniam. Et ratione repudiandae delectus mollitia accusamus maxime esse. Dolores velit eius mollitia sed.</p><p>Ipsam vel corporis sunt sed qui. Aut ipsam sint et nobis et blanditiis. Et est sint odit ut. Optio provident quis sit ratione.</p><p>Temporibus quas molestias eveniet et molestiae. Doloribus tempore officia debitis labore placeat voluptatem autem.</p><p>Corrupti facilis qui assumenda quae officia exercitationem. Tempore aut iste praesentium molestiae cupiditate voluptatem fuga. Accusantium in accusantium explicabo ut error. Voluptatem quam molestiae aut cum dolore.</p>', 'https://lorempixel.com/640/480/?61654', '2020-02-14 03:50:16', 2),
	(7, 'Consequatur dolorem quaerat eaque sed sit atque.', '<p>Eius magni esse non et quaerat eaque. Molestiae totam molestiae quia officia animi. Voluptate cumque asperiores maxime perspiciatis eos est quisquam. Numquam soluta nulla quaerat rerum sequi. Eos impedit et vel hic.</p><p>Dolorem quos ut voluptatum modi. Aut deserunt quia reiciendis pariatur sequi necessitatibus. Laboriosam asperiores aperiam ipsum voluptates magnam nam.</p><p>Dolorem expedita saepe nesciunt ut adipisci. Voluptates saepe voluptatem error quis similique. Vero qui molestiae aliquam illo.</p><p>Soluta fugit nam sed voluptate quis quasi. Est est vel consequatur voluptatum nulla. Eum est architecto quibusdam consequuntur ut cumque. Consequatur natus beatae quidem sunt animi excepturi quibusdam.</p><p>Accusantium atque dolorem et rerum quibusdam. Ad quis deserunt earum error aut. Et consequatur cum sit rerum rerum ex quia veniam. Illum nihil eos molestias molestiae eligendi ad asperiores quam.</p>', 'https://lorempixel.com/640/480/?10193', '2020-03-30 21:03:42', 2),
	(8, 'Esse quidem voluptatum non qui velit asperiores consequatur.', '<p>Sapiente quis et recusandae quo omnis atque. Sunt tempore aliquam repudiandae quis aspernatur. Maxime id asperiores natus consequatur vel vero ipsa.</p><p>In quo ea nobis sed. A magnam fugiat et minima. At doloremque nisi consequatur quis dicta quia. Optio et quibusdam magni vel qui ut optio.</p><p>Voluptatem est ut tenetur voluptatem reiciendis quis. Et et harum iusto eos atque.</p><p>Suscipit enim quibusdam in. Architecto occaecati ducimus veniam. Aliquid aspernatur et impedit minima voluptatum magni sunt. Et enim sit sunt autem occaecati aut corporis numquam.</p><p>Non excepturi dolorum delectus doloribus laudantium sapiente. Tempore reprehenderit vel quam voluptas fugiat. Non est quo omnis ut dicta doloremque recusandae.</p>', 'https://lorempixel.com/640/480/?85648', '2020-01-17 08:23:24', 2),
	(9, 'Expedita nemo officia repudiandae quia minima debitis.', '<p>Eius ipsum optio quibusdam doloremque. Dignissimos vel illum eos est qui eveniet officia. Ut impedit eligendi qui perferendis numquam. Illum voluptas hic hic pariatur et. Totam in velit optio aut nemo nostrum.</p><p>Voluptas accusantium vero dolor voluptatem distinctio eius. Consectetur tempora laborum commodi dignissimos laborum recusandae. Adipisci in quis ducimus pariatur et est qui reprehenderit. Cum quia quo veritatis.</p><p>Ex repudiandae perferendis illo aut sunt est. Reiciendis voluptas voluptate error ipsam. Dolorem unde perspiciatis est dignissimos explicabo. Iusto accusamus ut et.</p><p>Maxime excepturi ipsum expedita voluptas repellat omnis ut. Quia assumenda aut placeat unde similique placeat. Atque a id aliquam cupiditate sint.</p><p>Molestiae est quia dolor ut unde. Consequuntur ea harum beatae quam minima et accusantium. Autem architecto et repellendus facere et rerum.</p>', 'https://lorempixel.com/640/480/?33048', '2020-02-04 18:03:39', 2),
	(10, 'Voluptate facilis ipsam repellendus dolor commodi nostrum.', '<p>Earum nihil numquam iusto assumenda. Officiis itaque debitis at nostrum vero.</p><p>A quis reprehenderit nesciunt aliquid aut. Ut non autem velit mollitia enim cumque iste. Debitis illum cupiditate ea expedita sint quia.</p><p>Hic consequatur ea facere omnis est. Ea ratione aut veritatis voluptatem quibusdam sit. Soluta quae quod voluptas facilis repudiandae molestiae.</p><p>Ad iusto aut voluptatem qui molestias rerum. Ut vero ut corporis.</p><p>Quae enim at voluptatum nesciunt labore. Saepe aut rem eum in perferendis atque. Sit expedita et aspernatur ratione ipsam ea.</p>', 'https://lorempixel.com/640/480/?92091', '2020-03-10 19:33:03', 2),
	(11, 'Eum architecto velit id sapiente velit hic.', '<p>Est eius harum praesentium ut temporibus et. Natus laboriosam tenetur animi perferendis. Quasi deserunt facilis sit aut totam. Iusto possimus sit consectetur nihil voluptates. Porro aliquam inventore incidunt aut iusto quo aut beatae.</p><p>Et est esse molestias ratione distinctio deleniti enim. Voluptatem qui aspernatur pariatur voluptatem. Est occaecati optio excepturi culpa voluptate sapiente dolores perspiciatis.</p><p>Consequatur ipsa voluptatem sit tenetur laboriosam. Velit aliquam qui accusamus libero quo veniam. Maiores id reiciendis porro beatae sed cupiditate quaerat.</p><p>Eaque voluptatum ut ut optio sunt eaque aspernatur dolore. Voluptatem saepe autem maxime est consequuntur. Odit laudantium tempore omnis nobis dicta aliquam.</p><p>Inventore quam nam dolorem laudantium voluptatem. Omnis autem sed voluptatem sit. Voluptatem necessitatibus sapiente quaerat non tempora ut.</p>', 'https://lorempixel.com/640/480/?57039', '2020-04-26 14:23:14', 3),
	(12, 'Est fugit nam molestiae.', '<p>Ipsum harum optio sit provident ut. Quidem et voluptatem ratione esse inventore hic. Velit esse eum et asperiores in.</p><p>Eveniet veniam velit quam eos unde occaecati et adipisci. Dolor natus odit dolores doloribus quae omnis. Maxime aut corrupti inventore iste accusantium. Voluptatem dolore officiis magni commodi.</p><p>Omnis placeat voluptate ducimus quisquam. Accusantium explicabo velit cupiditate iusto iste. Enim animi sit voluptatem vel non consectetur.</p><p>Molestias eligendi praesentium reiciendis corrupti molestias. Eligendi iusto molestiae nesciunt nulla. Aut tenetur occaecati dolores voluptates nihil. Earum et molestias iusto dolore cupiditate voluptatum. Fuga blanditiis illum sed nisi omnis reprehenderit et.</p><p>Molestiae eos rerum eveniet velit non et. Nobis porro blanditiis dolore nemo beatae. Excepturi et consectetur explicabo animi et sint ipsa in. Qui dolores ipsum repellendus dolorem.</p>', 'https://lorempixel.com/640/480/?47644', '2020-02-22 02:22:49', 3),
	(13, 'Excepturi aliquid doloribus quo sint et voluptatibus tenetur.', '<p>Incidunt labore non est accusantium laboriosam. Maxime aut occaecati enim quia et quaerat in.</p><p>Optio pariatur maiores rerum dolor rerum consectetur laboriosam nobis. Odit neque qui omnis aspernatur. Cumque et est molestiae esse. Ipsa atque aut eaque qui quos et.</p><p>Sed maiores commodi non quam perspiciatis et quos. Ipsa molestias modi voluptas sed. Dolor vitae sapiente vero ut ea. Voluptas incidunt iste placeat et et enim labore.</p><p>Laudantium rerum molestiae nobis quibusdam nobis voluptas ducimus harum. Odio sint aut non quisquam eligendi aut placeat. Distinctio libero neque omnis veritatis.</p><p>Omnis dolores totam ipsum quae aut. Sit impedit et eius et est. Maxime iste et nisi error minus.</p>', 'https://lorempixel.com/640/480/?51617', '2019-11-24 20:47:05', 3),
	(14, 'Amet facere rerum aut eaque.', '<p>Impedit veniam aut at ut mollitia. Sit possimus cumque est quisquam. Voluptate deserunt ut excepturi.</p><p>Voluptatem qui eum ullam facilis cum velit laudantium recusandae. Ut eum amet non qui minus officiis. Et eius ut reiciendis necessitatibus et optio voluptates. Est enim expedita minus quis.</p><p>Atque et ipsum veniam rem distinctio id dolor. Ut reprehenderit eos asperiores incidunt a deserunt vel. Nihil vel tempora eum qui.</p><p>Eveniet nulla dicta sint et. Omnis ipsum qui voluptatum assumenda voluptatem. Repudiandae quos officiis facere perspiciatis sed iure architecto. Iure cum laboriosam ducimus enim.</p><p>Voluptas enim velit ut at aut sunt. Aliquam id dolorem modi dolor nihil. Consequuntur laborum in velit et voluptates.</p>', 'https://lorempixel.com/640/480/?17885', '2020-01-09 16:58:08', 3),
	(15, 'Culpa pariatur eveniet aliquam ut velit quibusdam est.', '<p>Sunt tempore cupiditate aliquid quia impedit laborum. Pariatur velit dolorem et aut. Quia qui quas officiis error. Numquam illum voluptatem reiciendis eos molestiae consequuntur veniam.</p><p>Molestiae provident aliquid perferendis dolor. Sed distinctio aliquid ut. Occaecati blanditiis blanditiis reiciendis rerum autem. Et reiciendis atque tenetur hic sint omnis.</p><p>Nihil recusandae facere voluptatem distinctio occaecati fugit omnis. Maxime at id quia quos aut qui. Est quas mollitia quis nostrum voluptas eaque. Sint ut voluptates adipisci fuga non.</p><p>Sunt perspiciatis quo doloremque. Quia qui error recusandae vitae vitae ea. Sint repellendus saepe iusto totam. Ipsa et temporibus at ut neque totam.</p><p>Aliquam dignissimos tempora recusandae ut sed. Et omnis doloremque quis facilis sit et. Deserunt molestias perspiciatis quasi quas ducimus qui explicabo quidem. Voluptate et ipsa excepturi consequatur.</p>', 'https://lorempixel.com/640/480/?23504', '2020-02-05 16:27:34', 3);
/*!40000 ALTER TABLE `article` ENABLE KEYS */;

-- Listage de la structure de la table blog. category
DROP TABLE IF EXISTS `category`;
CREATE TABLE IF NOT EXISTS `category` (
  `id` int(11) NOT NULL AUTO_INCREMENT,
  `title` varchar(255) COLLATE utf8mb4_unicode_ci NOT NULL,
  `description` longtext COLLATE utf8mb4_unicode_ci,
  PRIMARY KEY (`id`)
) ENGINE=InnoDB AUTO_INCREMENT=4 DEFAULT CHARSET=utf8mb4 COLLATE=utf8mb4_unicode_ci;

-- Listage des données de la table blog.category : ~2 rows (environ)
DELETE FROM `category`;
/*!40000 ALTER TABLE `category` DISABLE KEYS */;
INSERT INTO `category` (`id`, `title`, `description`) VALUES
	(1, 'Qui similique ipsa sit minima eaque ad.', 'Repellendus cum error soluta nisi. Veniam consequatur aliquid qui dolores quia. Nam id ut sit aut. Explicabo ipsa voluptatum quo ea temporibus quos consequatur.'),
	(2, 'Culpa fuga autem consequuntur suscipit.', 'Dolor tempore assumenda molestiae aut assumenda repudiandae expedita. Maiores consequatur magnam eveniet possimus expedita voluptas dicta. Ut laborum aliquid repellat perferendis assumenda.'),
	(3, 'Suscipit mollitia commodi magni voluptatum voluptatem accusamus.', 'Et dolorem blanditiis et neque rerum voluptates. Sed hic omnis odit expedita sint. In explicabo corporis est et eligendi modi. Perspiciatis esse fugit animi aut.');
/*!40000 ALTER TABLE `category` ENABLE KEYS */;

-- Listage de la structure de la table blog. comment
DROP TABLE IF EXISTS `comment`;
CREATE TABLE IF NOT EXISTS `comment` (
  `id` int(11) NOT NULL AUTO_INCREMENT,
  `article_id` int(11) NOT NULL,
  `author` varchar(255) COLLATE utf8mb4_unicode_ci NOT NULL,
  `content` longtext COLLATE utf8mb4_unicode_ci NOT NULL,
  `created_at` datetime NOT NULL,
  PRIMARY KEY (`id`),
  KEY `IDX_9474526C7294869C` (`article_id`),
  CONSTRAINT `FK_9474526C7294869C` FOREIGN KEY (`article_id`) REFERENCES `article` (`id`)
) ENGINE=InnoDB AUTO_INCREMENT=98 DEFAULT CHARSET=utf8mb4 COLLATE=utf8mb4_unicode_ci;

-- Listage des données de la table blog.comment : ~97 rows (environ)
DELETE FROM `comment`;
/*!40000 ALTER TABLE `comment` DISABLE KEYS */;
INSERT INTO `comment` (`id`, `article_id`, `author`, `content`, `created_at`) VALUES
	(1, 1, 'Alix Marty-Maury', '<p>Aut ab nihil ut eligendi alias eligendi. Deleniti fuga mollitia voluptatem et. Rerum quis fuga voluptatem ipsam voluptas eum. Ab molestiae quidem voluptas magni ut consequuntur voluptates. Dolor commodi veniam quaerat sunt et dolorum.</p><p>Temporibus et autem ea dignissimos. Enim reiciendis sed non nemo ea expedita libero. Cum quod cupiditate nobis tempora sed ut. Ipsam vero voluptatibus porro doloribus qui dolor.</p>', '2020-02-10 19:43:10'),
	(2, 1, 'Henri Peron', '<p>Praesentium facere libero ad et ipsam maxime. Blanditiis in dignissimos id labore quis laboriosam ut. Voluptates sapiente impedit ea quia accusamus eius. Nisi aut necessitatibus et esse.</p><p>Reprehenderit porro aut repudiandae dolor unde dolore qui aut. Dolores et animi sit totam a quis et velit. Quaerat libero eum qui velit dolor dolor repellendus. Incidunt est eum tempora sequi.</p>', '2020-05-18 21:32:53'),
	(3, 1, 'Zacharie Perrier', '<p>Impedit rerum voluptatem et culpa voluptatem. Et dolores natus at ullam aut. Rerum praesentium est asperiores totam minus. Voluptas rerum eaque et doloremque aspernatur numquam.</p><p>Est ut quia dicta voluptates animi aut placeat quia. Aspernatur delectus quis sunt et. Laboriosam explicabo quo dignissimos maxime et magni qui. Voluptatum dolore tempore est ut ut voluptatem doloribus.</p>', '2020-02-12 02:58:28'),
	(4, 1, 'Emmanuel Bouvet', '<p>Ratione eaque autem quaerat labore magni. Rem magnam voluptatem dolor. Perspiciatis cumque laborum velit autem corporis in.</p><p>Nihil omnis maiores omnis sed. Labore dolor porro atque aliquam dolorem. Odit ab aspernatur minus recusandae.</p>', '2020-03-21 17:39:18'),
	(5, 1, 'Virginie Bourdon', '<p>Facere eveniet odio consequatur aut. Sapiente natus quo occaecati vitae. Magni in explicabo officiis.</p><p>Totam corporis et omnis saepe provident. Dolorum numquam ex cumque dolor sunt. Et amet consequatur tenetur accusamus culpa corporis molestiae saepe.</p>', '2020-02-25 15:16:09'),
	(6, 1, 'Pauline de la Dupuis', '<p>Placeat quis repudiandae velit sint suscipit iure aut labore. Inventore ut rerum ut nesciunt nobis. Corporis eveniet aliquid aut harum id alias.</p><p>Id vero aut qui dolorum omnis cum. Expedita laborum quia beatae ut. Ut dolorem nesciunt esse inventore rerum.</p>', '2020-03-11 10:21:08'),
	(7, 2, 'Joseph Hoarau', '<p>Ut sit dicta explicabo delectus minima eveniet eaque recusandae. Aut eaque a sunt dolores facere sunt. Qui ipsam est velit quo sint placeat sapiente magnam.</p><p>Molestiae ex voluptatem hic delectus cum est distinctio. Id saepe minima omnis rerum quia. Consequatur aspernatur id ratione illum unde ipsum.</p>', '2020-03-26 03:13:50'),
	(8, 2, 'Christine de Neveu', '<p>Totam dolor quibusdam aliquam itaque molestiae esse. Consequatur qui expedita doloribus esse vero a. Consequatur amet exercitationem qui et. Non eos quod necessitatibus magni sed.</p><p>Ut qui doloribus quos repellendus quaerat commodi. Qui et ad sapiente et cumque et voluptatem. Exercitationem possimus unde et non quo voluptatem incidunt. Et molestiae nisi in.</p>', '2020-03-21 15:51:23'),
	(9, 2, 'Paul Legendre', '<p>Quo eius adipisci modi quisquam. Id atque autem dolor ipsum ipsum. Rerum modi non non ut deserunt et. Repudiandae omnis quis esse cumque veritatis veritatis animi.</p><p>Perspiciatis ut corporis occaecati voluptates accusantium quaerat ut quo. Doloremque dolores dignissimos libero quia dolore et.</p>', '2020-05-18 05:53:45'),
	(10, 2, 'Aimée Meyer', '<p>Voluptatem voluptatem tenetur facilis architecto adipisci. Quia consequatur quidem dolor voluptates exercitationem debitis. Vel qui sunt alias inventore. Ullam eum omnis quas autem incidunt sit. Consequatur eius est aut doloribus.</p><p>Quis et voluptate magnam sit qui est. Adipisci suscipit itaque similique ab consectetur recusandae. Aut eius facere et fugit.</p>', '2020-03-08 08:56:01'),
	(11, 2, 'Brigitte Chauveau', '<p>Fuga dolorem molestias sapiente alias. Voluptas doloribus rerum id ut ea sed. Doloribus beatae dolores qui quasi ullam ipsa quibusdam.</p><p>Ex voluptatem voluptatem ratione et. Qui ipsa aperiam iure dolorum. Aut hic aut rem non voluptates autem ut aliquid. Velit dolor dolor quod vero asperiores corporis reiciendis ducimus.</p>', '2020-02-19 22:21:07'),
	(12, 2, 'Constance Mathieu', '<p>Odio maiores omnis iste quasi dolore. Veniam voluptate cupiditate vel sed animi. A nostrum sint saepe officiis sed vero.</p><p>Iusto eligendi magnam consequatur velit aut voluptate qui. Enim eius facilis enim facere tenetur architecto qui. Tenetur perferendis sequi quia impedit aperiam vitae.</p>', '2020-04-11 21:09:22'),
	(13, 2, 'Agathe Carlier-Dupont', '<p>Deserunt libero exercitationem modi ipsam. At doloribus quo quibusdam odio. Illum aut praesentium doloribus aspernatur quis.</p><p>Enim et sunt accusamus dolor. Consequatur in non et numquam repudiandae quod voluptas mollitia. Qui dolor voluptate unde similique minima dignissimos.</p>', '2020-05-03 16:11:55'),
	(14, 3, 'Denise Allard', '<p>Quisquam eius rerum aperiam sed animi et ullam. Et at est saepe facere est. Et consequatur porro asperiores ab unde dicta non.</p><p>Dolore et voluptas eos excepturi. Officiis quam eos eos minus. Rerum voluptatem perferendis id soluta culpa perspiciatis. Suscipit necessitatibus ullam voluptatem ad in est id.</p>', '2020-02-13 10:37:10'),
	(15, 3, 'Alix Mace', '<p>Ducimus nobis eos ea et debitis sed. Minima tempora minus eos. Asperiores vel reiciendis velit consectetur ut. Sit qui iure dolores ad rerum autem.</p><p>Maxime illum ipsa nisi voluptas corrupti rem placeat facilis. Dicta aliquam placeat a repellat iste corrupti officia. Commodi in minima eos voluptatem ipsum perferendis.</p>', '2020-01-18 04:14:13'),
	(16, 3, 'Gérard Gillet', '<p>Est molestiae quod blanditiis aut velit. Modi saepe aut maiores est sint asperiores facilis. Id aut magnam accusantium et quisquam sit laborum.</p><p>Ipsa veniam nemo minus. Molestias vero dolorem cupiditate pariatur et labore. Doloremque rerum iure aut dolores deserunt et id.</p>', '2020-02-29 03:36:52'),
	(17, 3, 'Sylvie-Nath Hamel', '<p>Quos nesciunt laboriosam ipsam aspernatur. Qui ea omnis rerum nemo aut dolores. Ipsum dolorum dicta ab atque odio occaecati totam.</p><p>Corporis qui sed consequatur ea. Dolor rerum voluptatum numquam aspernatur non ut itaque. Laudantium distinctio qui nihil consequatur.</p>', '2020-03-24 02:41:22'),
	(18, 3, 'Julien Parent', '<p>Quis placeat qui sit ad consequatur. Non alias eaque qui deleniti quaerat et dolore. Dolorem impedit laborum vel et in illo eum. Ullam aperiam est quis.</p><p>Explicabo debitis aut provident dolores temporibus incidunt tempora. Alias minima dolor rerum minima. Debitis voluptates ad et. Nam reprehenderit id sit harum esse id distinctio.</p>', '2019-12-16 02:43:34'),
	(19, 4, 'Isaac Arnaud', '<p>Quaerat dolor voluptas laboriosam. Animi voluptas occaecati eos velit est voluptatem architecto. Qui maiores deserunt itaque magnam dolores molestiae suscipit mollitia. Qui ut ex non ex sed laborum.</p><p>Qui qui voluptatem eos dolorem voluptatem ipsum. Debitis quo earum nihil sed. Dolor nesciunt eum tempora facilis quo consequatur. Sunt non ad minus alias.</p>', '2020-05-10 07:16:54'),
	(20, 4, 'Michelle Dias', '<p>Voluptatem et quaerat adipisci eaque. Atque autem et est officia voluptatem maxime. Assumenda optio doloremque delectus earum exercitationem nemo cum. Ratione ut ratione ut sequi itaque cum.</p><p>Esse consequatur quia nam. Et esse quo sequi iure. Aut pariatur quo perferendis omnis. Enim qui quibusdam vel porro. Ut quia numquam voluptas possimus sint assumenda.</p>', '2020-04-08 21:24:46'),
	(21, 4, 'Luce Lejeune', '<p>Minus est repudiandae aut iure velit ut eligendi. Necessitatibus voluptas odio et corrupti vitae consequatur. Ut et quis impedit.</p><p>Modi ut exercitationem minima expedita. Delectus perferendis dolor laborum et. Praesentium accusamus vitae non in omnis vel commodi.</p>', '2020-03-19 22:00:24'),
	(22, 4, 'Lucie Barthelemy', '<p>Possimus totam aperiam maxime amet. Quae sed et veritatis ab commodi eos culpa. Qui a et nihil ad. Et ea culpa qui soluta.</p><p>Qui ut laudantium et nemo. Asperiores sint ut quas cum nostrum sed excepturi. Aspernatur ut et corrupti libero. Consequatur error harum et delectus nulla distinctio. Eum illum corrupti accusantium.</p>', '2020-05-15 12:20:14'),
	(23, 4, 'Jean Bodin', '<p>Et velit quia illo itaque. Ullam aut quasi doloremque libero accusamus vero. Nihil et accusamus distinctio omnis.</p><p>Est eos aperiam vel est. Illo eum nesciunt autem velit deleniti. Soluta ut voluptatibus nisi repellendus veniam doloremque. Aut sed dolor hic vero consequatur molestiae.</p>', '2020-05-18 06:40:39'),
	(24, 4, 'Alexandre-Olivier Voisin', '<p>Velit est provident dolore est nihil repudiandae. Consequatur cumque est suscipit consequatur sequi eaque harum. Cumque vel qui deleniti. Repellendus vel quia tempora autem ut.</p><p>Facilis eligendi et repellendus. Amet quia esse odio excepturi. Et sunt animi ipsa.</p>', '2020-03-22 03:29:24'),
	(25, 4, 'Nathalie Chauvet', '<p>Est debitis saepe ipsum autem aut quibusdam officia. Culpa numquam veritatis commodi fugiat commodi tenetur. Delectus assumenda aut ut reprehenderit minima praesentium mollitia. Eaque facere aut quam in qui sequi porro. Consectetur aspernatur et distinctio nostrum.</p><p>Explicabo dolorem quo sunt saepe ut nemo nisi et. Occaecati vel fuga minima dolores labore et. Hic illo voluptas itaque vero adipisci explicabo sit.</p>', '2020-04-21 23:36:12'),
	(26, 5, 'Stéphane Lefort', '<p>Cum voluptas illo temporibus molestias accusantium. Illo atque dolorum dolores reprehenderit voluptates qui. Beatae magni deleniti aut vitae asperiores. Ea error ipsam illum tempore.</p><p>Neque doloremque voluptate quaerat temporibus et in voluptatibus ut. Iusto ea explicabo dolor eos hic dolorem dicta. Nulla iure magnam suscipit sequi alias id odio.</p>', '2020-02-21 20:27:22'),
	(27, 5, 'Grégoire-Benjamin Morvan', '<p>Odio aut quam autem et. Labore dolor excepturi harum quis ut explicabo culpa asperiores. Consequatur odit voluptatem commodi voluptas quas.</p><p>Laboriosam dolore sunt beatae molestiae. Et earum mollitia ab autem est. Qui necessitatibus dicta eos exercitationem repellat ipsam tempore.</p>', '2020-04-04 19:51:24'),
	(28, 5, 'Suzanne Delahaye', '<p>Reprehenderit dolorem modi iusto et qui eum. Sed earum voluptatem dolorem animi magnam est minima voluptatem. At saepe id repellat et ullam magnam.</p><p>Quia reiciendis sed eum dicta provident. Facilis beatae quae fuga est molestiae voluptatem. Atque quod sapiente aut et corrupti.</p>', '2020-04-18 06:35:09'),
	(29, 5, 'Élodie du Hebert', '<p>Dolor debitis ipsam asperiores ea in dolore. Ut quo culpa deleniti est iste. Doloremque officiis tempore sunt harum.</p><p>Dolorum laborum impedit harum neque unde cumque ex. Beatae quo atque aspernatur suscipit. Unde dolore beatae quisquam.</p>', '2020-02-08 01:44:07'),
	(30, 5, 'Thomas Blin', '<p>Aut et reiciendis ut architecto ut qui iste. Autem qui ut voluptatem ut tempora quia quos. Minus laborum sit perferendis cupiditate asperiores excepturi voluptatem velit. Hic voluptatem exercitationem architecto et omnis dolorem.</p><p>Quasi quas quia et est autem. Dolorum cumque et sunt dolor ut sit.</p>', '2020-04-14 01:17:29'),
	(31, 5, 'Catherine-Michèle Pereira', '<p>Autem cupiditate architecto veniam provident maiores maiores. Optio velit expedita occaecati ea distinctio. Nihil sit dolor delectus sit sit aut. Porro aut voluptatem neque quia.</p><p>Et aut error tempora eos sapiente temporibus odit. Aperiam eum laborum similique molestiae repellat consectetur ratione quo. Ea distinctio autem reprehenderit saepe nihil velit. Similique dolores sint aliquam error.</p>', '2020-03-04 01:03:58'),
	(32, 6, 'Margot Thomas-Leconte', '<p>Quae nihil rem quasi accusantium molestiae. Eius assumenda et laudantium molestiae quia.</p><p>Sed enim minus aut explicabo et. Dolore necessitatibus et reprehenderit ducimus nostrum.</p>', '2020-05-01 07:31:04'),
	(33, 6, 'Daniel Lesage', '<p>Voluptas neque quo amet et et et aut. Placeat facilis quia amet laboriosam. Qui aut ea dolor. Dignissimos veritatis voluptatum nesciunt molestias. Sed adipisci repudiandae aut est atque quam accusamus tenetur.</p><p>Ab quidem modi molestiae et. Ut quia fuga assumenda laborum dolorem placeat. Iste qui illo quisquam nihil molestias doloremque. Beatae animi possimus voluptatibus.</p>', '2020-04-17 10:02:19'),
	(34, 6, 'Suzanne Lefebvre', '<p>Eaque illum dolor illo illum aperiam quia beatae. Magni cupiditate magnam aut est. Placeat qui voluptatem vero deleniti odio molestiae enim. Minus ut esse aspernatur tempora.</p><p>Et eos et eligendi est sint voluptatem. Error minima qui ea nam sint. Vel enim facilis quod necessitatibus aut.</p>', '2020-03-02 13:07:13'),
	(35, 6, 'Alexandrie Camus', '<p>Pariatur sit deleniti placeat itaque rerum qui. Qui velit vel quas ullam nulla velit itaque. Quidem nihil aut voluptas omnis voluptas maiores ut adipisci. Sit quasi vitae rerum. In temporibus in ea laudantium incidunt.</p><p>Vel id consequatur provident libero id perspiciatis sunt. Fugiat repellat blanditiis eaque cupiditate. Tenetur qui possimus dicta deserunt in enim magni rerum.</p>', '2020-05-15 00:54:38'),
	(36, 6, 'Julien Lamy', '<p>Est consequuntur soluta voluptas quia et velit architecto. Culpa ea nobis molestiae rerum quam. Nesciunt pariatur veritatis impedit aut. Vitae odio deleniti quisquam eos pariatur qui ipsum.</p><p>Non eos ut eius. Adipisci blanditiis nobis corporis et. Corrupti alias error in voluptatum molestias. Autem voluptate architecto ut fuga voluptas voluptate magni.</p>', '2020-05-02 09:53:25'),
	(37, 6, 'Stéphanie Dupre', '<p>Autem ipsum laboriosam magnam neque qui ut aut. Minima deserunt qui autem iusto dolores. Voluptatibus nesciunt accusantium non nam at. Quas porro et repellat esse repellat et inventore.</p><p>Itaque quo laudantium beatae culpa. Molestiae atque omnis laborum incidunt. Dolores iure molestiae fuga adipisci excepturi praesentium autem suscipit.</p>', '2020-04-13 22:44:42'),
	(38, 7, 'Noël Renaud', '<p>Aut totam nisi eveniet voluptas. Voluptatem labore quaerat nulla delectus ut non rerum quia. Id ipsam veniam facilis et possimus nemo ut.</p><p>Natus aliquam et delectus quia voluptates reprehenderit nihil. Est qui quas tenetur beatae nobis optio repellat in. Eos natus temporibus nulla aut. Qui voluptas quis sapiente in est. Sunt hic dicta at vitae id.</p>', '2020-05-12 01:47:34'),
	(39, 7, 'Henriette Morvan', '<p>Voluptatem aperiam ut ut voluptatum voluptatem. Voluptatibus qui quia voluptatem esse similique. Nulla quas autem quo magni sed.</p><p>Officiis doloribus mollitia exercitationem amet sequi. Amet qui sint eum quia facilis voluptate. Quibusdam rerum est dolorem laudantium.</p>', '2020-04-24 18:11:21'),
	(40, 7, 'Colette Neveu-Torres', '<p>Qui esse autem ducimus placeat. Hic assumenda ab aut enim non voluptas adipisci. Maxime assumenda laborum sunt incidunt quod quia. Consequatur et fugiat sunt eum culpa.</p><p>In sequi placeat aut velit dolores. Officiis totam enim fuga quasi sapiente est et. Officiis laudantium et voluptates mollitia qui. Similique vero dolores ab est est commodi in.</p>', '2020-04-09 12:43:22'),
	(41, 7, 'Aurélie-Paulette Roche', '<p>Et excepturi voluptatem enim. Natus saepe deserunt deleniti modi consectetur. Et tenetur voluptate et dignissimos omnis dolor. At itaque ad ut odit soluta. Sequi et laudantium non qui qui.</p><p>Est molestiae veritatis eius ipsa maxime. Ducimus est sed odio non. Expedita accusantium maxime molestias quia dolorem inventore optio.</p>', '2020-04-22 12:33:41'),
	(42, 7, 'Victor de la Louis', '<p>Totam magnam fugiat est temporibus. Aut nesciunt minus tempora voluptatem. Sequi quia similique expedita nesciunt impedit ut et.</p><p>Magni ut rerum doloremque quia eos porro occaecati. Atque esse temporibus dolore qui. Impedit illum alias minus voluptatem. Quisquam et eos error blanditiis necessitatibus.</p>', '2020-05-11 00:15:22'),
	(43, 7, 'Aurore Normand', '<p>Distinctio vel ab nesciunt expedita eum totam nobis. Et sint quam qui. Ipsum dolor esse voluptate nesciunt est culpa animi labore.</p><p>Nulla adipisci harum adipisci. Corrupti architecto earum labore voluptatem. Magnam fugiat laudantium qui neque enim quas. Enim quo et beatae.</p>', '2020-05-07 11:38:53'),
	(44, 7, 'Matthieu Verdier', '<p>Ut molestiae beatae tempore vel. Accusamus ullam aut eos dicta rerum quia exercitationem. Corrupti odio assumenda libero eligendi asperiores.</p><p>Blanditiis praesentium et nisi libero. Deleniti iure vel exercitationem assumenda.</p>', '2020-05-02 04:06:35'),
	(45, 7, 'Louis Barbe', '<p>Ratione quas in ratione odio quo. Aut excepturi error quos rerum nam. Enim et ut deleniti.</p><p>Omnis officiis reprehenderit ratione rerum atque. Id laboriosam omnis nihil dolorem dolor. Autem nemo maxime quia quidem architecto consequuntur commodi. Veniam dolores quibusdam ullam iste doloribus esse.</p>', '2020-04-16 10:06:25'),
	(46, 7, 'Augustin Bruneau', '<p>Id voluptatem asperiores nesciunt ad voluptatum aliquam. Hic provident nostrum est dicta.</p><p>Itaque omnis excepturi inventore est assumenda. Saepe quasi quibusdam a nostrum est ipsa maxime quaerat. Dolore aut labore molestiae possimus autem ut porro. Qui soluta vero corrupti.</p>', '2020-05-06 04:30:02'),
	(47, 8, 'Alfred Barbier', '<p>Aliquid perspiciatis voluptatem repellendus accusamus. Ut iste placeat sapiente aspernatur natus porro perspiciatis. Consequatur quidem molestiae eveniet omnis exercitationem sed eius.</p><p>Minima nisi et et sunt vero voluptas. Earum ut in odio eos ut incidunt dolor. Tenetur atque eos et a. Officiis non ab non et consequatur quas. Nesciunt temporibus enim hic ut et quisquam.</p>', '2020-02-11 00:31:27'),
	(48, 8, 'Simone Gregoire', '<p>Iste deserunt expedita harum voluptates voluptas aut facilis. Est quibusdam dignissimos vitae aperiam qui sit temporibus odit. Et nisi doloremque enim recusandae at architecto.</p><p>Amet consectetur ducimus ut rerum similique est asperiores ipsam. Quia dolorum minus inventore doloremque veritatis quia nostrum officiis. Numquam est porro facere ad aliquam. Aspernatur fuga doloribus eaque vel.</p>', '2020-04-09 15:59:12'),
	(49, 8, 'Yves de la Chauvet', '<p>Non adipisci repellendus facilis deserunt aut. Quas iusto libero minima inventore in. Officia quae ut vel dolorem. Quod corporis omnis qui.</p><p>Quis et facilis a autem ab. Aut nam in iste optio doloremque voluptatem. Soluta voluptatem enim hic voluptatibus. Qui et id aut rerum quia ipsam atque error. Non commodi et ut qui vel in.</p>', '2020-03-02 15:24:58'),
	(50, 8, 'Xavier Camus', '<p>Aut officia dolorum error. Consequatur necessitatibus quis vero ut fugit illo.</p><p>Aliquam quia blanditiis natus harum exercitationem ratione. Et ipsa et expedita hic quisquam aut quas. Iusto quas ut a consectetur.</p>', '2020-05-04 19:48:01'),
	(51, 8, 'Yves Guibert', '<p>Consequuntur officia aut in nesciunt reiciendis aliquid aperiam. Ea totam voluptatum nihil et nemo. Occaecati sed sunt ea mollitia voluptas. Ea voluptatem reprehenderit quas voluptatibus esse consequatur eos.</p><p>Quos quia dolores quibusdam magnam quos natus quis. Aspernatur quis rerum nam laboriosam porro. Corrupti ea doloribus dolor veritatis et.</p>', '2020-02-05 10:15:44'),
	(52, 8, 'Aurélie de la Alexandre', '<p>Eveniet natus consequatur assumenda facilis voluptatum atque unde. A a ea ea omnis. Aut occaecati consequatur quisquam omnis et ipsum labore sed.</p><p>Reiciendis asperiores et et quia est mollitia. Quae esse nihil necessitatibus accusamus ad qui. Vero eligendi repellat ab.</p>', '2020-03-16 09:45:00'),
	(53, 8, 'Christophe Le Gilles', '<p>Aliquam voluptas quia earum atque est. Odit unde numquam consectetur ullam voluptatem consequatur. Officiis est sed natus dignissimos temporibus placeat.</p><p>Explicabo est amet neque laboriosam quam. Vitae qui est animi animi. Omnis ut odio tempore nobis culpa inventore eveniet et. Corporis possimus incidunt sit.</p>', '2020-03-08 20:12:29'),
	(54, 8, 'Gabrielle-Céline Julien', '<p>Voluptatum fugit rerum quas officia a. Mollitia nostrum est libero minus libero rerum voluptate voluptas. Possimus nihil est quos laboriosam sequi incidunt nulla. Nihil delectus dolore consectetur quia voluptatem quasi. Nam reiciendis quia necessitatibus quis repellat odio.</p><p>Maxime vitae magnam velit eveniet nulla. Eos deserunt reprehenderit dolorem rerum. Ipsum est vel sint laborum hic nihil vel.</p>', '2020-04-14 00:19:10'),
	(55, 9, 'Thierry-Victor Tessier', '<p>Distinctio porro ut consequatur ut magnam quia in voluptatem. Aperiam eaque vel voluptatibus vero eveniet. Recusandae eveniet necessitatibus cupiditate error velit.</p><p>Facilis voluptatem repudiandae quo. Minus nobis incidunt ab. Incidunt architecto sed modi consequatur rerum incidunt.</p>', '2020-04-28 02:54:27'),
	(56, 9, 'Pauline Daniel', '<p>Voluptatem sed officia natus ex aut esse deleniti. Sapiente nihil veniam ut atque. Atque dolores ad ipsum aut neque ab. Qui necessitatibus nam ad pariatur in praesentium facilis. Rerum quis et qui perferendis eligendi beatae.</p><p>Ex vitae impedit voluptatem nihil et minus. Laudantium assumenda quo quam eum sint. Consectetur et nam mollitia sint.</p>', '2020-04-12 10:44:50'),
	(57, 9, 'Daniel du Lecomte', '<p>Doloribus accusamus qui aut voluptatibus et sint unde deserunt. Quaerat sapiente quia ut voluptatem nobis. Ratione quod sed officia aut beatae occaecati.</p><p>Quibusdam enim enim et. Qui reiciendis fuga laboriosam accusamus exercitationem maxime minus.</p>', '2020-03-19 03:20:22'),
	(58, 9, 'Thibaut-Georges Leclerc', '<p>Molestiae harum non omnis quo quae. Voluptates vel aut molestiae molestias hic ut assumenda. Saepe autem esse sunt odio voluptatibus minima qui maiores. Consectetur iste eligendi occaecati rerum unde consectetur. Officia aperiam harum voluptatem deleniti praesentium.</p><p>Maxime quo placeat cum. Fuga eius illum quas nam. Doloremque et soluta rem.</p>', '2020-04-23 23:59:11'),
	(59, 9, 'Dominique Lucas-Chauvin', '<p>Eveniet debitis atque et voluptatibus quia vitae. Quo dolores aut porro eaque quod repellendus. Et et quod totam similique.</p><p>Quisquam aliquam veniam nihil qui qui. Nisi est voluptates ut corporis. Dolor tempora illo odit earum praesentium quia architecto. Vitae officiis quia provident sint accusamus maiores.</p>', '2020-05-01 20:17:19'),
	(60, 10, 'Célina Daniel', '<p>Nihil earum ea ex sed reiciendis quasi atque. Quos iste possimus veritatis molestiae maiores numquam qui. Sit sed illum veritatis eaque.</p><p>Tempore aspernatur est ipsam repellat. Perferendis facere iusto ullam modi quod. Repellendus dolores non sint officiis.</p>', '2020-05-17 09:51:27'),
	(61, 10, 'Thierry Lemoine-Picard', '<p>Qui porro vel quas dignissimos nostrum error id suscipit. Qui ut ad exercitationem qui autem deleniti. Quia incidunt sed est id ut incidunt fugiat.</p><p>Quo rerum commodi veritatis recusandae rem rerum eum voluptate. Quis suscipit quo perferendis eum hic. Doloremque soluta harum et vero reiciendis quasi excepturi.</p>', '2020-04-02 00:37:09'),
	(62, 10, 'Margaux Le Goff-Lebon', '<p>Nemo rem debitis et aut voluptas. Distinctio officia eius dolore sed eligendi voluptas enim. Eius sint quod fuga esse ut dolorem ipsa.</p><p>Reiciendis adipisci ullam consequuntur quis consequuntur sit facere. Dolor exercitationem velit modi est neque. Eligendi aut animi quia aut est fugiat commodi. Fuga dolores ut quos non dolore.</p>', '2020-05-11 16:10:45'),
	(63, 10, 'Audrey Leveque', '<p>Occaecati qui explicabo nihil animi quibusdam voluptatem. Consequuntur eligendi dicta sed nesciunt provident voluptatum et. Voluptates aut rem repellat eveniet. Nemo ullam eius eveniet debitis unde voluptatem.</p><p>Non vitae modi fuga non quia. Eos eligendi aut vero assumenda. Est iusto ex et est autem quia temporibus. Atque voluptatem quam deleniti quia id.</p>', '2020-03-30 15:35:13'),
	(64, 10, 'Jérôme du Boyer', '<p>Qui voluptatem aut porro impedit et cupiditate placeat est. Eius eius velit molestiae eligendi est delectus. Voluptate blanditiis velit asperiores est quo quia voluptatum.</p><p>Est possimus sit ut consequatur vel. Delectus dolor exercitationem consectetur aliquam. Hic nisi voluptates hic omnis voluptatem molestiae.</p>', '2020-04-02 08:06:45'),
	(65, 10, 'Christine Berthelot', '<p>Voluptatum ratione numquam nisi accusamus quod. Delectus quibusdam labore cum et voluptatem. Illum saepe omnis quis ut.</p><p>Nihil explicabo eveniet perferendis id deleniti. Pariatur molestiae dicta vel sed deserunt dolorum. Deserunt libero in qui et. Voluptatem eos necessitatibus optio omnis repudiandae culpa id qui.</p>', '2020-04-28 20:30:34'),
	(66, 10, 'Pauline Boutin', '<p>Qui molestiae maxime sapiente et. Animi ut quo saepe saepe quidem repudiandae quo. Incidunt adipisci fuga eos laboriosam quasi sint quo.</p><p>Repellat voluptate officia quia et ut ut et sed. Sit beatae ea dicta nobis molestias a. Incidunt molestiae ipsa consequatur nihil nihil repellendus.</p>', '2020-05-08 23:56:52'),
	(67, 11, 'Théodore Gerard-Rodriguez', '<p>Voluptatem sit asperiores reiciendis deleniti molestias autem. Architecto est et aspernatur dolores qui sit. Magnam impedit dolorum et dolore. Velit aut autem cupiditate.</p><p>Ad qui saepe omnis veniam et corporis voluptas. Distinctio laboriosam quibusdam eos est consectetur labore sequi. Consectetur ratione earum accusamus aliquid quae impedit.</p>', '2020-05-07 13:48:02'),
	(68, 11, 'Chantal-Danielle Gaudin', '<p>Adipisci eaque expedita accusamus dolores ut. Enim sed eius quibusdam impedit alias. Unde quia pariatur autem molestiae et.</p><p>Est reprehenderit excepturi veritatis aperiam accusantium. Necessitatibus occaecati alias reprehenderit sint omnis velit voluptatem est. Tenetur exercitationem sit molestiae eos eum voluptas veritatis.</p>', '2020-05-09 08:35:43'),
	(69, 11, 'Dominique Adam', '<p>Ea sint deserunt porro aut dicta repudiandae maiores. Architecto sit qui ducimus molestias non repellendus.</p><p>Est voluptatum enim similique consequatur omnis atque. Non ut et eos accusantium. Non aut impedit quod perspiciatis. Totam libero sint veritatis quia vero.</p>', '2020-05-04 01:14:09'),
	(70, 11, 'Théodore du Dufour', '<p>Sit tempore nisi laudantium repudiandae. Saepe quae sit amet et. Quia saepe labore quia iure recusandae. In dicta unde quod et.</p><p>Quae architecto magnam error ex. Numquam qui ipsum fuga accusantium ipsum quod quos. Et in repellendus dolor ex.</p>', '2020-05-04 20:07:18'),
	(71, 11, 'Étienne Lebreton', '<p>Et est possimus blanditiis fuga quos veritatis eos. Est quia aut aliquam omnis.</p><p>Eius velit ut quasi ullam velit molestias enim. Repellat corrupti maiores incidunt ea et corporis. Occaecati vel quas aut modi praesentium.</p>', '2020-05-13 02:55:56'),
	(72, 11, 'Marianne Noel', '<p>Est aperiam velit dignissimos. Dignissimos facilis necessitatibus inventore. Et tempore nostrum qui magni.</p><p>Et minus quidem temporibus sunt quo dolores animi. Ratione quia officiis voluptas sint eum. Quia aspernatur non autem dolore. Sequi qui asperiores soluta a inventore itaque.</p>', '2020-05-16 09:13:40'),
	(73, 12, 'Denis Marie-Rousset', '<p>Odit occaecati quod asperiores est debitis ullam illum. Sit totam et sunt magni et quia. Ut sequi odit quam.</p><p>Voluptas molestiae dolor est aut delectus. Qui iusto dolores ab repellendus omnis excepturi nobis. Consequuntur tempora voluptatem excepturi ea.</p>', '2020-05-12 13:09:35'),
	(74, 12, 'Franck Gaillard', '<p>Voluptates voluptatem rem harum totam deleniti commodi dicta rem. Et earum harum enim aperiam pariatur eum consequuntur. Vero aspernatur id quis fuga sint et.</p><p>Sint quis vitae doloribus non in. Qui et perspiciatis expedita sint distinctio velit tenetur. Consectetur placeat nulla maxime culpa inventore et quibusdam quibusdam.</p>', '2020-03-04 18:06:54'),
	(75, 12, 'Philippine Pons-Masse', '<p>Voluptate impedit vel blanditiis iure in enim rerum. Dicta corrupti numquam eum qui. Vero illo sit enim sit et. Inventore reprehenderit voluptatum dolores eius consectetur.</p><p>Qui accusamus deserunt dolores velit omnis eligendi. Nisi adipisci rerum qui.</p>', '2020-04-27 09:50:46'),
	(76, 12, 'Rémy Marion-Hardy', '<p>Rerum vel in error quaerat. Quis aut amet omnis animi consequatur. Non perspiciatis magnam aut aut esse nostrum.</p><p>Tempore esse eos quo aut. Enim voluptatibus debitis doloremque qui et est. Optio voluptate nihil inventore sint tenetur facilis eligendi. Nobis dignissimos voluptates repellendus recusandae et.</p>', '2020-04-23 02:27:54'),
	(77, 12, 'Aimé du Rodriguez', '<p>Eaque consequatur cum repellendus. Et aliquid dolore ut recusandae dolores doloribus repudiandae. Tenetur magnam rerum doloribus magni et corporis quisquam quae. Iure voluptatibus aspernatur vero hic officiis voluptatem commodi.</p><p>Voluptate molestiae aut labore magni recusandae cumque sit. Voluptates quas rerum eum fugit non in dolor debitis. Rerum libero omnis rerum suscipit non et.</p>', '2020-03-28 19:49:48'),
	(78, 12, 'Hortense Gomez', '<p>Perferendis perferendis amet qui aut et culpa alias. Voluptatem sit facilis ducimus et sit. Quia ducimus ut consequatur.</p><p>Necessitatibus omnis dolorem eaque eum. Inventore ut fugit occaecati et. Consequuntur ea exercitationem dolorem eum hic id quisquam. Fugiat eos voluptatem sunt.</p>', '2020-02-24 11:33:25'),
	(79, 12, 'Guy Guilbert', '<p>Rem blanditiis enim quidem distinctio distinctio in. Assumenda quasi illo voluptate repellendus sequi sequi et. Aut deserunt laboriosam nisi dolor fuga. Tempora quo quaerat cupiditate.</p><p>Libero quis et illo ipsa. Similique et sunt voluptates corporis libero harum. Aut similique eveniet veritatis et.</p>', '2020-04-16 00:40:57'),
	(80, 12, 'Christiane Lemoine', '<p>Voluptatum ea in id recusandae libero consequatur est. Iusto dolorem et mollitia quis repudiandae et excepturi. Velit vitae hic vel quidem assumenda. Reprehenderit enim alias maxime minima.</p><p>Eveniet qui voluptatibus et earum consequatur dignissimos est quis. Enim omnis amet asperiores voluptatem autem corporis. Ut voluptas labore iusto tempore consequuntur recusandae ut.</p>', '2020-04-08 01:44:44'),
	(81, 13, 'Éric Hernandez', '<p>Nam fuga ut voluptas ratione atque incidunt quos. Quis voluptate est voluptatem vitae ut. Commodi sed occaecati aspernatur veritatis aut libero sapiente. Aliquid est consequatur ut quibusdam id consequatur.</p><p>Libero aut earum deleniti aut rerum. Distinctio neque voluptate incidunt consequatur esse. Officiis molestiae doloremque deserunt maxime architecto sapiente.</p>', '2020-04-25 02:21:56'),
	(82, 13, 'Céline du Pottier', '<p>Hic facere illo quis asperiores placeat asperiores dolorum. Nemo sed sequi perspiciatis. Quos nulla molestiae qui quis ad.</p><p>Natus dolor atque quo excepturi. Ipsum perspiciatis suscipit sit eveniet accusantium voluptatem dolorem. Numquam ad quam minus soluta amet repellat voluptatibus quo. Vel sapiente praesentium occaecati eaque minima illum id.</p>', '2019-12-18 07:46:55'),
	(83, 13, 'Margaux Lambert', '<p>Recusandae eos et cupiditate sapiente provident labore mollitia. Reprehenderit voluptas magni tempore magnam ut.</p><p>Pariatur iusto quaerat veritatis deserunt molestias ut. Enim aut sed incidunt quos temporibus eveniet repudiandae. Omnis et provident perferendis delectus aperiam. Dolorem explicabo neque nesciunt et.</p>', '2020-03-21 18:03:01'),
	(84, 13, 'Denis Tessier-Petit', '<p>Consequatur voluptatem porro eum qui. Nemo doloremque id quaerat atque voluptatem. Dolor perspiciatis minus maxime nulla fugiat.</p><p>Dolorum non sapiente nulla corrupti voluptate vel. Ullam itaque est voluptas repellat excepturi omnis. Voluptatibus veniam quod aspernatur necessitatibus quos quis accusantium. Minima aliquid omnis enim cum. Illo cumque voluptatibus soluta corrupti nisi dicta.</p>', '2020-02-22 09:17:22'),
	(85, 14, 'Lorraine Courtois', '<p>Sed aut quia tenetur et nemo blanditiis voluptate. Deserunt voluptatibus corporis esse dicta. Laudantium voluptas quia corrupti. Voluptas ut aut facilis dolor aspernatur. Iure vel occaecati ipsum a.</p><p>Tempore enim tempore autem officia rerum iure nam nam. Temporibus odio pariatur debitis nobis nihil. Commodi quis quas voluptatem aut est neque.</p>', '2020-05-18 16:52:33'),
	(86, 14, 'Stéphanie Morin', '<p>Eos sunt voluptatem ipsum delectus nisi sed. Ut et pariatur delectus earum corporis aut. Tempora amet voluptas facere sit.</p><p>Rerum officia molestias id odit eum. Aliquid facilis ipsum et qui quibusdam recusandae modi. Aliquam dolorem alias ipsum et facilis quia quos. Molestiae labore reprehenderit fugiat id.</p>', '2020-02-15 06:40:08'),
	(87, 14, 'Brigitte Ledoux', '<p>Ab ut qui et reiciendis voluptas eum quam. Unde consequatur consequuntur sapiente itaque illum commodi modi voluptas. Vel et sint excepturi dicta deleniti ex.</p><p>Excepturi maxime officiis velit fugit repellat qui quisquam. Minima exercitationem eos voluptas quidem aliquam voluptas ullam. Omnis error aliquid sed fuga.</p>', '2020-02-16 17:43:05'),
	(88, 14, 'Patrick-Alexandre Pereira', '<p>Id architecto quod quisquam enim vel nostrum. Nihil similique aut facilis.</p><p>Et maxime facilis sit commodi itaque. Expedita autem consequuntur amet laboriosam quo ut. Ipsa consectetur incidunt quasi amet fuga eius. Non ut consequatur fugiat nobis sunt temporibus. Ab eveniet perspiciatis est perferendis nihil.</p>', '2020-03-03 01:49:04'),
	(89, 14, 'Simone Laurent-Begue', '<p>Eos quia et ipsa aut delectus. Corporis aliquid quod quia rerum. Quos qui eum ex. Aut suscipit nesciunt neque.</p><p>Dolorem praesentium officiis dolorem laudantium quasi. Nulla non sed voluptas tempora officia. Fuga libero distinctio qui quo ratione consequuntur.</p>', '2020-05-19 10:12:58'),
	(90, 14, 'Vincent Humbert', '<p>Vitae reiciendis laboriosam in ut. Quibusdam molestias ut error voluptatem dolores. Et esse repellendus et laborum. Ea quidem non ut eligendi velit.</p><p>Sed nesciunt rerum maiores eveniet quod. Ipsam dignissimos enim ipsum commodi molestiae alias laboriosam. Eum autem reiciendis asperiores sint. Laudantium pariatur et incidunt molestiae dignissimos.</p>', '2020-03-10 23:18:46'),
	(91, 15, 'Yves-Franck Leger', '<p>Eum accusantium officia rerum quod amet. Perferendis suscipit dolorem ut laudantium illo.</p><p>Non laudantium reprehenderit debitis suscipit asperiores voluptatum quos. Est odit facilis perferendis est. Dolor et non fuga doloremque dolor architecto non. Recusandae qui laudantium magni quos.</p>', '2020-04-09 14:17:57'),
	(92, 15, 'Thomas du Laporte', '<p>Iste laborum ducimus sunt repellat sit laborum. Soluta at quidem reprehenderit consequatur sit ut. Deleniti similique saepe adipisci voluptatum velit.</p><p>Maiores tempore autem assumenda reiciendis quia officiis impedit. Ea minus sed tenetur deserunt perferendis et perferendis. Ea et ullam autem et. Vero fuga voluptatem magni tenetur non.</p>', '2020-03-25 00:30:53'),
	(93, 15, 'Joseph Coulon', '<p>Autem modi repellendus aut qui consequuntur sunt. Nihil et et sequi unde laboriosam. Dolor ut qui porro omnis natus qui aut occaecati.</p><p>Vero tempora tempora suscipit reprehenderit dolorem numquam. Iste rerum et saepe. Non quas dolores et dolorem. Ut rerum ab quae veniam dolore nostrum perspiciatis. Ipsum quia neque non nulla.</p>', '2020-03-31 03:59:11'),
	(94, 15, 'Thierry de Thibault', '<p>Esse et libero ut possimus. Necessitatibus incidunt nemo magni dolorum.</p><p>Perspiciatis dolore minima dolorem esse facere aspernatur excepturi. Nihil accusantium explicabo dolorem harum dolore molestiae rem. Nisi distinctio et laudantium aspernatur facere aperiam.</p>', '2020-02-28 16:31:11'),
	(95, 15, 'Anouk Leger', '<p>Labore et repellendus quod accusamus nihil pariatur. Quia explicabo quas molestias. Porro corporis placeat natus sunt placeat eveniet. Dicta et perspiciatis blanditiis nulla.</p><p>Porro laborum consequatur veritatis eum reprehenderit dolores dolor omnis. Quo hic illo officiis dolorum voluptatem qui. Repellat qui placeat quos nobis.</p>', '2020-05-08 13:15:57'),
	(96, 15, 'Cécile Delmas', '<p>Eum tempora qui dolores velit. Ut veniam alias aut recusandae fuga iusto. Consequatur provident ipsa consectetur possimus quia quos. Harum quisquam asperiores neque voluptatem quia sed tempora.</p><p>Similique quibusdam quae illo esse atque. Sed aliquid voluptate et eum. Ut rem nam iusto est libero. Tenetur tempora labore iure aut voluptatum voluptas voluptas nostrum.</p>', '2020-04-06 15:31:29'),
	(97, 1, 'Moi', 'Test descommentaires', '2020-05-25 09:56:30');
/*!40000 ALTER TABLE `comment` ENABLE KEYS */;

-- Listage de la structure de la table blog. migration_versions
DROP TABLE IF EXISTS `migration_versions`;
CREATE TABLE IF NOT EXISTS `migration_versions` (
  `version` varchar(14) COLLATE utf8mb4_unicode_ci NOT NULL,
  `executed_at` datetime NOT NULL COMMENT '(DC2Type:datetime_immutable)',
  PRIMARY KEY (`version`)
) ENGINE=InnoDB DEFAULT CHARSET=utf8mb4 COLLATE=utf8mb4_unicode_ci;

-- Listage des données de la table blog.migration_versions : ~3 rows (environ)
DELETE FROM `migration_versions`;
/*!40000 ALTER TABLE `migration_versions` DISABLE KEYS */;
INSERT INTO `migration_versions` (`version`, `executed_at`) VALUES
	('20200427170451', '2020-04-27 17:15:09'),
	('20200519090033', '2020-05-19 09:03:29'),
	('20200520172905', '2020-05-20 17:32:03');
/*!40000 ALTER TABLE `migration_versions` ENABLE KEYS */;

-- Listage de la structure de la table blog. user
DROP TABLE IF EXISTS `user`;
CREATE TABLE IF NOT EXISTS `user` (
  `id` int(11) NOT NULL AUTO_INCREMENT,
  `email` varchar(255) COLLATE utf8mb4_unicode_ci NOT NULL,
  `username` varchar(255) COLLATE utf8mb4_unicode_ci NOT NULL,
  `password` varchar(255) COLLATE utf8mb4_unicode_ci NOT NULL,
  PRIMARY KEY (`id`)
) ENGINE=InnoDB AUTO_INCREMENT=4 DEFAULT CHARSET=utf8mb4 COLLATE=utf8mb4_unicode_ci;

-- Listage des données de la table blog.user : ~3 rows (environ)
DELETE FROM `user`;
/*!40000 ALTER TABLE `user` DISABLE KEYS */;
INSERT INTO `user` (`id`, `email`, `username`, `password`) VALUES
	(1, 'Toto@symfony.fr', 'Toto', '$2y$13$KTClqDLaigIWA9bBXoMaQO4UR9F9HQP7Cjli0nmWhBb2Ljwu6hu4.'),
	(2, 'mushu@symfony.fr', 'Mushu', '$2y$13$UVEv0uZ0C92Y5BOoNyYLD.gdpmQJSNIXsANSkExrZI7taib1hhX3a'),
	(3, 'manue@symfony.fr', 'Manue', '$2y$13$BBxk3rlSeiMDJMJ/cxMpdO8urrJwEVjJqXbljmoZQ730K4zD0Tv6.');
/*!40000 ALTER TABLE `user` ENABLE KEYS */;

/*!40101 SET SQL_MODE=IFNULL(@OLD_SQL_MODE, '') */;
/*!40014 SET FOREIGN_KEY_CHECKS=IF(@OLD_FOREIGN_KEY_CHECKS IS NULL, 1, @OLD_FOREIGN_KEY_CHECKS) */;
/*!40101 SET CHARACTER_SET_CLIENT=@OLD_CHARACTER_SET_CLIENT */;
